,title,subreddit,score,id,url,comms_num,created,body
0,Merry Christmas and happy new year everybody. Check out the pinned comment to select your 2022 meme award nominees.,IndianDankMemes,985,zuzklr,https://v.redd.it/dxjsdg4y528a1,58,1671980184.0,
1,IDM REWIND 2022,IndianDankMemes,480,100fnbh,https://v.redd.it/wgedvqbdbe9a1,30,1672563157.0,
2,"My Uber driver, Firoz.",IndianDankMemes,836,10u1eoz,https://i.redd.it/ekke9j8facga1.jpg,78,1675571530.0,
3,à¤Ÿà¤¾à¤‡à¤Ÿà¤²,IndianDankMemes,1700,10tmhmo,https://i.redd.it/4zbilc1w39ga1.png,41,1675533014.0,
4,â€ â€ â€ â€ â€ â€ â€ â€ â€ â€ â€ â€ â€ â€ â€ â€ â€ â€ â€ â€ â€ â€ â€ â€ â€ â€ â€ â€ â€ â€ â€ â€ â€ â€ â€ â€ â€,IndianDankMemes,1959,10tjol1,https://v.redd.it/mbflk8a327ga1,77,1675526194.0,
5,Kya gaana hai bhai,IndianDankMemes,126,10u1hru,https://v.redd.it/xtmungtbtaga1,8,1675571679.0,
6,iska mtlb mt puchna....,IndianDankMemes,2098,10tfwom,https://i.redd.it/kgrhxj5t66ga1.jpg,121,1675515723.0,
7,o ğŸ…±ï¸llah the almighty ğŸ¼,IndianDankMemes,78,10u5i6i,https://v.redd.it/ara6c1cf9bga1,30,1675577262.0,
8,A mix of permanent personality,IndianDankMemes,72,10u586a,https://v.redd.it/2y8xsp157bga1,7,1675576319.0,
9,"""daaru"" ab hs",IndianDankMemes,63,10u5tf4,https://v.redd.it/jvfho8r6dbga1,15,1675578364.0,
10,2nd reason for Mumbai migration,IndianDankMemes,57,10u55be,https://v.redd.it/44qfs8jr6bga1,9,1675576201.0,
11,KYA AAPKO AAPKE PARENTS KI BIRTDATE YAAD HAI,IndianDankMemes,47,10u5mti,https://v.redd.it/ntrlqpd7bbga1,16,1675577717.0,
12,title ki mkc tu meme dekh,IndianDankMemes,403,10tm6o8,https://v.redd.it/k5a2fi24k7ga1,22,1675532296.0,
13,Body modification,IndianDankMemes,3057,10t7pnk,https://i.redd.it/6sz99hvix5ga1.jpg,22,1675494551.0,
14,Mithai khate jana :),IndianDankMemes,42,10u2vu6,https://v.redd.it/801top37gcga1,5,1675573480.0,
15,ONLY IN BIHAR,IndianDankMemes,34,10u4vvr,https://i.redd.it/ovx9wtas5bga1.jpg,3,1675575885.0,
16,How to Learn to speak English,IndianDankMemes,508,10ths09,https://v.redd.it/pj7z1m5zm6ga1,57,1675521249.0,
17,title gaya bengal,IndianDankMemes,24,10u5ugd,https://v.redd.it/prneaod5dbga1,9,1675578468.0,
18,An interesting title,IndianDankMemes,708,10teub5,https://i.redd.it/6cylb8sqd7ga1.jpg,52,1675512112.0,
19,sorry,IndianDankMemes,603,10tfln9,https://i.redd.it/sekpvujll7ga1.jpg,90,1675514754.0,
20,title balloon phod rha he,IndianDankMemes,457,10tgo7p,https://i.redd.it/1w1287lhv7ga1.jpg,25,1675518086.0,
21,Ae to bihar se lag raha hai,IndianDankMemes,17,10u6mo5,https://i.redd.it/hx0athu1mbga1.png,5,1675581365.0,
22,â€ â€ â€ â€ â€ â€ â€ â€ â€ â€ â€ â€ â€ â€ â€ â€ â€ â€ â€ â€ â€ â€ â€ â€ â€ â€ â€ â€ â€ â€ â€ â€ â€ â€ â€ â€ â€ â€ â€ â€ â€ â€ â€ â€ â€ â€ â€ â€ â€ â€ â€ â€ â€ â€ â€ â€ â€ â€ â€ â€ â€ â€ â€ â€ â€ â€ â€ â€ â€ â€ â€ â€ â€ â€ â€ â€ â€ â€ â€ â€ â€ â€ â€ â€ â€ â€ â€ â€ â€ â€ â€ â€ â€ â€ â€ â€ â€ â€ â€ â€ â€ â€ â€ â€ â€ â€ â€ â€ â€ â€ â€,IndianDankMemes,416,10tgvps,https://v.redd.it/zn19l09vf6ga1,32,1675518720.0,
23,tit-le reason dhund rha,IndianDankMemes,25,10u3gvl,https://v.redd.it/qeychyfbicga1,1,1675574187.0,
24,Interesting title nhi Meme dekh,IndianDankMemes,14,10u6qki,https://v.redd.it/oo3tzd8cnbga1,8,1675581771.0,
25,à¤¹à¤®à¤¾à¤°à¥‡ à¤˜à¤° à¤¬à¥‡à¤Ÿà¤¾ à¤¨à¤¹à¥€à¤‚ à¤¹à¥à¤† à¤¤à¥‹ à¤•à¥à¤¯à¤¾ à¤¹à¥à¤† à¤¹à¤®à¤¾à¤°à¥€ à¤¬à¥‡à¤Ÿà¥€ à¤¬à¥‡à¤Ÿà¥‡ à¤¸à¥‡ à¤•à¤® à¤¹à¥ˆ à¤•à¥à¤¯à¤¾,IndianDankMemes,43,10twos9,https://i.redd.it/0pd25nbh8bga1.jpg,26,1675558770.0,
26,she is not always wrong,IndianDankMemes,23,10u27ew,https://i.redd.it/vh6j3ovudcga1.jpg,1,1675572685.0,
27,abey kuch dhang ka reason toh dhund lete,IndianDankMemes,102,10tpofp,https://v.redd.it/re8gjd8h98ga1,9,1675540794.0,
28,surprise,IndianDankMemes,403,10tf6sz,https://v.redd.it/kd8h5afuz5ga1,25,1675513332.0,
29,mmm who else?....,IndianDankMemes,1417,10t5qbg,https://v.redd.it/savlxl8zu3ga1,57,1675487491.0,
30,padai Karo bhosdiwaalon,IndianDankMemes,456,10tdslu,https://v.redd.it/7g534ygqk5ga1,11,1675508251.0,
31,à¤•à¤Ÿà¤ªà¥à¤¤à¤²à¥€à¥¤,IndianDankMemes,17,10u24xr,https://v.redd.it/eml9ems2waga1,7,1675572608.0,
32,Intresting,IndianDankMemes,10,10u6hzr,https://v.redd.it/lq4czphpkbga1,1,1675580882.0,
33,â€ â€ â€ â€ â€ â€ â€ â€ â€ â€ â€ â€ â€ â€ â€ â€ â€ â€ â€ â€ â€ â€ â€ â€ â€ â€ â€ â€ â€ â€ â€ â€ â€ â€ â€ â€ â€,IndianDankMemes,10,10u6axg,https://v.redd.it/8g4ghgajibga1,3,1675580153.0,
34,title gaya bat ko gand me lene,IndianDankMemes,11,10u66bc,https://v.redd.it/6x7kttlfgbga1,1,1675579671.0,
35,Justice for Raju,IndianDankMemes,241,10tge7e,https://v.redd.it/n4tq6emhb6ga1,18,1675517246.0,
36,sahi me hua bencho,IndianDankMemes,9,10u6lcs,https://v.redd.it/e9xzdcxqlbga1,1,1675581231.0,
37,title commode p overthink karaha h,IndianDankMemes,76,10toas5,https://v.redd.it/jeajb354z7ga1,1,1675537354.0,
38,GOD for a reason,IndianDankMemes,433,10tbp3m,https://v.redd.it/ixvtmqv365ga1,25,1675503359.0,
39,eyes closed,IndianDankMemes,155,10ti1v2,https://v.redd.it/oh13rj9np6ga1,16,1675522010.0,
40,Bade he bhai k,IndianDankMemes,11,10u4khf,https://v.redd.it/ltfffqjp4bga1,1,1675575503.0,
41,nunu ke haath ka bna khana ğŸ˜‹ğŸ˜‹,IndianDankMemes,11,10u1g6n,https://i.redd.it/0y9hlxtmacga1.jpg,10,1675571602.0,
42,Not so interesting title,IndianDankMemes,7,10u6p9n,https://v.redd.it/rbmtjzbxmbga1,1,1675581629.0,
43,not oc,IndianDankMemes,7,10u5b1r,https://v.redd.it/p0z2vrzy7bga1,10,1675576603.0,
44,Ladko ke sath aisa hi hota hai :(,IndianDankMemes,7,10u6ka4,https://v.redd.it/pfu6onielbga1,1,1675581117.0,
45,Title ney scam kiya hai,IndianDankMemes,8,10u5upr,https://v.redd.it/1ifrnn1hdbga1,1,1675578495.0,
46,title offend hoga,IndianDankMemes,107,10tkdiy,https://v.redd.it/y21bna4w67ga1,6,1675527907.0,
47,Mein hu Dank ka choda,IndianDankMemes,99,10tk2y7,https://i.redd.it/4neqe4aem8ga1.jpg,5,1675527151.0,
48,Title scammer hai,IndianDankMemes,6,10u6hbp,https://v.redd.it/1ob1rtwgkbga1,1,1675580806.0,
49,Ab to khudka danda v blur dikhne laga hain,IndianDankMemes,6,10u6e8f,https://i.redd.it/ilvogaygjbga1.jpg,2,1675580478.0,
50,bts uwu,IndianDankMemes,146,10tfwm2,https://v.redd.it/rj53yudw66ga1,7,1675515718.0,
51,Christian Missionaries,IndianDankMemes,713,10t4tiz,https://v.redd.it/lo5733wzl3ga1,10,1675484467.0,
52,India ka naam roshan kr rha hu guys,IndianDankMemes,220,10tdfin,https://v.redd.it/brk2osg3h5ga1,18,1675507034.0,
53,"Context: The three Chads were peshwas of the Maratha Kingdom, and they extended the kingdom very well, but after their deaths, Bajirao II was not capable",IndianDankMemes,6,10u6cb2,https://v.redd.it/8626s59zibga1,1,1675580309.0,
54,I won,IndianDankMemes,594,10t5nfx,https://v.redd.it/3uh9t7npb5ga1,25,1675487217.0,
55,title chorr meme dekh,IndianDankMemes,103,10thw07,https://v.redd.it/450zrs8co6ga1,1,1675521574.0,
56,GTA PUNJAB,IndianDankMemes,228,10tchs0,https://v.redd.it/glg40hny95ga1,12,1675504879.0,
57,title delusional nahi hai,IndianDankMemes,133,10tfrnq,https://v.redd.it/sfencrzl56ga1,17,1675515304.0,
58,title,IndianDankMemes,7,10u5o4f,https://v.redd.it/g5lvaxwibbga1,3,1675577839.0,
59,Gaming pc build kar raha hun,IndianDankMemes,76,10tipmd,https://v.redd.it/jiwv623pu6ga1,15,1675523707.0,
60,Title maharashtrian hai,IndianDankMemes,81,10thgo2,https://v.redd.it/vbjwq6gbk6ga1,10,1675520369.0,
61,Africa ka sher,IndianDankMemes,299,10t7gnf,https://v.redd.it/7k672nl9d4ga1,3,1675493631.0,
62,......,IndianDankMemes,207,10t9yov,https://v.redd.it/fhc9yyvxv4ga1,4,1675499952.0,
63,what's your mood,IndianDankMemes,170,10tb944,https://v.redd.it/o0zyffqk35ga1,4,1675502479.0,
64,hasi kee fuhare ğŸ¥¤,IndianDankMemes,3,10u6j6q,https://v.redd.it/og61hdn1lbga1,1,1675581008.0,
65,title dosto ke sath goa jaraha h,IndianDankMemes,44,10tkbgn,https://v.redd.it/ho4bjjkl67ga1,2,1675527747.0,
66,Throwing Thermite,IndianDankMemes,64,10thga9,https://i.redd.it/h19zs3f728ga1.jpg,14,1675520339.0,
67,kya matlab ki sirf batua rakhte hai vaha par,IndianDankMemes,152,10tbbg0,https://v.redd.it/e00hb73z35ga1,11,1675502613.0,
68,chalo fir me chalta hu,IndianDankMemes,2,10u722k,https://i.redd.it/g7hcpt0j8dga1.png,1,1675583002.0,
69,Study aur kya ....,IndianDankMemes,2,10u6xgg,https://i.redd.it/gbgfjbk17dga1.gif,5,1675582507.0,
70,tunhe aisa nahi karna chahiye tha peter,IndianDankMemes,2,10u6bye,https://i.redd.it/snw588ge0dga1.jpg,1,1675580267.0,
71,Title Assam se hai,IndianDankMemes,35,10titmw,https://i.redd.it/e6itou42d8ga1.jpg,5,1675523990.0,
72,ambasing,IndianDankMemes,33,10tj168,https://v.redd.it/xkqdq1q4x6ga1,5,1675524533.0,
73,piche ka darwaza se andar nahi jaate,IndianDankMemes,324,10t2seh,https://i.redd.it/dqvimjhwk4ga1.jpg,59,1675478199.0,
74,title ka nazariya badal gaya,IndianDankMemes,158,10t6pz2,https://v.redd.it/tg3kggo854ga1,2,1675490937.0,
75,ğŸ…±ï¸oobiji,IndianDankMemes,1,10u72no,https://i.redd.it/3jq4x5aq8dga1.jpg,1,1675583067.0,
76,give up..!,IndianDankMemes,0,10u713l,https://i.redd.it/xk5nqza78dga1.png,1,1675582893.0,
77,"calendar mai date badalne se, aadmi bada nahi hota-",IndianDankMemes,1,10u6y4h,https://i.redd.it/m6dh7gyopbga1.jpg,3,1675582575.0,
78,papa ğŸŒš,IndianDankMemes,1892,10smm28,https://v.redd.it/rxdme3nzozfa1,92,1675437086.0,
79,Life ki lagi padi hai,IndianDankMemes,90,10t7mrh,https://v.redd.it/kf820k02f4ga1,7,1675494239.0,
80,Shanthi se khane de yar,IndianDankMemes,44,10tdih4,https://v.redd.it/4zmu7yluh5ga1,2,1675507281.0,
81,"bb got his side , u say .ğŸ’€",IndianDankMemes,50,10tb5gi,https://v.redd.it/404sbt2z25ga1,4,1675502278.0,
82,I'm very thankful to Allah,IndianDankMemes,3987,10shiny,https://i.redd.it/ngq69d6bwzfa1.jpg,55,1675421501.0,
83,title ke state ka naam depression hai,IndianDankMemes,1482,10sl4mn,https://v.redd.it/zhtxpk2edzfa1,49,1675433155.0,
84,Manners Maketh Man.,IndianDankMemes,75,10t6it8,https://i.redd.it/3avtd8lrk5ga1.jpg,2,1675490268.0,
85,aur legs dikha à¤²à¥Œà¤¡à¤¼à¥€,IndianDankMemes,1342,10skpms,https://i.redd.it/xwlp1l9qr0ga1.png,154,1675432070.0,
86,Chodi ban gaya hai ye subreddit,IndianDankMemes,1936,10sil2j,https://v.redd.it/qh5d6yxcqyfa1,109,1675425393.0,
87,title 14 ka nahi hai,IndianDankMemes,476,10srzzm,https://i.redd.it/uyba6wm9a2ga1.jpg,50,1675450409.0,
88,zelensky.,IndianDankMemes,88,10t2j60,https://v.redd.it/qg5flp2213ga1,8,1675477423.0,
89,Title gay nahi haii,IndianDankMemes,380,10sra8d,https://v.redd.it/ggtvxh2v42ga1,6,1675448589.0,.
90,us bhoi us,IndianDankMemes,329,10ss48y,https://v.redd.it/34w66wimt0ga1,6,1675450705.0,
91,Still 57 billion USD left,IndianDankMemes,612,10slxb3,https://v.redd.it/4pofsdkb11ga1,7,1675435293.0,
92,Title,IndianDankMemes,304,10sr5tj,https://v.redd.it/3tf4kylfm0ga1,14,1675448297.0,
93,adani rn from top 10 richest list,IndianDankMemes,363,10speme,https://v.redd.it/5ol9qi1o90ga1,5,1675443994.0,
94,kuchu kuchu,IndianDankMemes,3106,10sc6y5,https://v.redd.it/205wtvnuswfa1,183,1675402054.0,
95,"A man of focus, commitment and sheer fxcking will.",IndianDankMemes,269,10spx8y,https://v.redd.it/rzym7zegd0ga1,8,1675445268.0,
96,Title,IndianDankMemes,2455,10scnpp,https://v.redd.it/pjvqd85hxwfa1,95,1675403574.0,
97,agar ye remove kara toh tumhare ga*nd ka mgm ho jaye {repost},IndianDankMemes,170,10sstcu,https://v.redd.it/dr3kqaecy0ga1,5,1675452394.0,
98,andrew tate ka bhojpuri andaazğŸ’€ğŸ’€,IndianDankMemes,142,10sssel,https://v.redd.it/7mtr107gy0ga1,14,1675452328.0,
99,kya naam de rahe ho spammers ko?,IndianDankMemes,20,10t6iiz,https://i.redd.it/dm9losapk5ga1.jpg,3,1675490238.0,
